Branch,City
A,Yangon
C,Naypyitaw
C,Naypyitaw
C,Naypyitaw
A,Yangon
A,Yangon
A,Yangon
B,Mandalay
B,Mandalay
C,Naypyitaw
B,Mandalay
B,Mandalay
C,Naypyitaw
B,Mandalay
C,Naypyitaw
C,Naypyitaw
B,Mandalay
C,Naypyitaw
A,Yangon
C,Naypyitaw
A,Yangon
A,Yangon
A,Yangon
A,Yangon
A,Yangon
A,Yangon
C,Naypyitaw
C,Naypyitaw
A,Yangon
A,Yangon
B,Mandalay
C,Naypyitaw
B,Mandalay
B,Mandalay
A,Yangon
B,Mandalay
A,Yangon
A,Yangon
C,Naypyitaw
C,Naypyitaw
A,Yangon
B,Mandalay
A,Yangon
C,Naypyitaw
B,Mandalay
C,Naypyitaw
A,Yangon
B,Mandalay
A,Yangon
C,Naypyitaw
C,Naypyitaw
C,Naypyitaw
B,Mandalay
A,Yangon
B,Mandalay
A,Yangon
A,Yangon
C,Naypyitaw
B,Mandalay
B,Mandalay
B,Mandalay
A,Yangon
C,Naypyitaw
B,Mandalay
C,Naypyitaw
C,Naypyitaw
B,Mandalay
A,Yangon
A,Yangon
A,Yangon
A,Yangon
C,Naypyitaw
C,Naypyitaw
A,Yangon
A,Yangon
B,Mandalay
B,Mandalay
C,Naypyitaw
B,Mandalay
C,Naypyitaw
B,Mandalay
B,Mandalay
A,Yangon
B,Mandalay
C,Naypyitaw
B,Mandalay
C,Naypyitaw
A,Yangon
B,Mandalay
B,Mandalay
C,Naypyitaw
C,Naypyitaw
C,Naypyitaw
A,Yangon
A,Yangon
B,Mandalay
A,Yangon
B,Mandalay
C,Naypyitaw
A,Yangon
C,Naypyitaw
A,Yangon
C,Naypyitaw
C,Naypyitaw
B,Mandalay
B,Mandalay
B,Mandalay
B,Mandalay
C,Naypyitaw
A,Yangon
C,Naypyitaw
B,Mandalay
B,Mandalay
B,Mandalay
A,Yangon
C,Naypyitaw
B,Mandalay
C,Naypyitaw
B,Mandalay
B,Mandalay
A,Yangon
B,Mandalay
B,Mandalay
C,Naypyitaw
C,Naypyitaw
C,Naypyitaw
C,Naypyitaw
A,Yangon
A,Yangon
A,Yangon
C,Naypyitaw
B,Mandalay
A,Yangon
A,Yangon
B,Mandalay
C,Naypyitaw
A,Yangon
A,Yangon
A,Yangon
B,Mandalay
C,Naypyitaw
C,Naypyitaw
C,Naypyitaw
B,Mandalay
C,Naypyitaw
A,Yangon
C,Naypyitaw
A,Yangon
B,Mandalay
C,Naypyitaw
A,Yangon
C,Naypyitaw
C,Naypyitaw
C,Naypyitaw
B,Mandalay
B,Mandalay
C,Naypyitaw
C,Naypyitaw
C,Naypyitaw
C,Naypyitaw
C,Naypyitaw
C,Naypyitaw
A,Yangon
B,Mandalay
A,Yangon
A,Yangon
B,Mandalay
A,Yangon
B,Mandalay
B,Mandalay
B,Mandalay
B,Mandalay
B,Mandalay
C,Naypyitaw
A,Yangon
B,Mandalay
C,Naypyitaw
C,Naypyitaw
A,Yangon
A,Yangon
A,Yangon
C,Naypyitaw
A,Yangon
A,Yangon
A,Yangon
A,Yangon
C,Naypyitaw
A,Yangon
C,Naypyitaw
C,Naypyitaw
A,Yangon
B,Mandalay
B,Mandalay
C,Naypyitaw
A,Yangon
C,Naypyitaw
C,Naypyitaw
C,Naypyitaw
C,Naypyitaw
B,Mandalay
C,Naypyitaw
B,Mandalay
B,Mandalay
A,Yangon
C,Naypyitaw
C,Naypyitaw
C,Naypyitaw
A,Yangon
B,Mandalay
C,Naypyitaw
A,Yangon
A,Yangon
B,Mandalay
A,Yangon
C,Naypyitaw
B,Mandalay
A,Yangon
A,Yangon
C,Naypyitaw
B,Mandalay
C,Naypyitaw
B,Mandalay
B,Mandalay
C,Naypyitaw
B,Mandalay
B,Mandalay
C,Naypyitaw
C,Naypyitaw
A,Yangon
C,Naypyitaw
B,Mandalay
B,Mandalay
A,Yangon
A,Yangon
C,Naypyitaw
A,Yangon
A,Yangon
B,Mandalay
A,Yangon
B,Mandalay
B,Mandalay
A,Yangon
B,Mandalay
B,Mandalay
B,Mandalay
B,Mandalay
C,Naypyitaw
A,Yangon
B,Mandalay
C,Naypyitaw
B,Mandalay
A,Yangon
B,Mandalay
B,Mandalay
B,Mandalay
A,Yangon
A,Yangon
B,Mandalay
A,Yangon
A,Yangon
A,Yangon
B,Mandalay
B,Mandalay
C,Naypyitaw
C,Naypyitaw
A,Yangon
B,Mandalay
A,Yangon
A,Yangon
A,Yangon
B,Mandalay
C,Naypyitaw
B,Mandalay
A,Yangon
C,Naypyitaw
C,Naypyitaw
B,Mandalay
B,Mandalay
B,Mandalay
C,Naypyitaw
A,Yangon
A,Yangon
A,Yangon
C,Naypyitaw
C,Naypyitaw
C,Naypyitaw
B,Mandalay
A,Yangon
A,Yangon
C,Naypyitaw
A,Yangon
C,Naypyitaw
C,Naypyitaw
B,Mandalay
C,Naypyitaw
B,Mandalay
B,Mandalay
A,Yangon
A,Yangon
C,Naypyitaw
B,Mandalay
B,Mandalay
C,Naypyitaw
A,Yangon
C,Naypyitaw
B,Mandalay
B,Mandalay
B,Mandalay
A,Yangon
B,Mandalay
B,Mandalay
B,Mandalay
B,Mandalay
A,Yangon
B,Mandalay
A,Yangon
B,Mandalay
C,Naypyitaw
B,Mandalay
B,Mandalay
C,Naypyitaw
B,Mandalay
A,Yangon
C,Naypyitaw
B,Mandalay
C,Naypyitaw
B,Mandalay
A,Yangon
B,Mandalay
A,Yangon
B,Mandalay
B,Mandalay
C,Naypyitaw
B,Mandalay
C,Naypyitaw
C,Naypyitaw
A,Yangon
C,Naypyitaw
A,Yangon
A,Yangon
C,Naypyitaw
B,Mandalay
B,Mandalay
B,Mandalay
B,Mandalay
C,Naypyitaw
C,Naypyitaw
B,Mandalay
B,Mandalay
C,Naypyitaw
A,Yangon
C,Naypyitaw
A,Yangon
A,Yangon
C,Naypyitaw
A,Yangon
C,Naypyitaw
B,Mandalay
B,Mandalay
C,Naypyitaw
C,Naypyitaw
C,Naypyitaw
C,Naypyitaw
B,Mandalay
C,Naypyitaw
B,Mandalay
C,Naypyitaw
B,Mandalay
C,Naypyitaw
B,Mandalay
A,Yangon
C,Naypyitaw
C,Naypyitaw
B,Mandalay
A,Yangon
C,Naypyitaw
C,Naypyitaw
C,Naypyitaw
B,Mandalay
A,Yangon
A,Yangon
A,Yangon
A,Yangon
C,Naypyitaw
C,Naypyitaw
A,Yangon
C,Naypyitaw
A,Yangon
A,Yangon
C,Naypyitaw
B,Mandalay
C,Naypyitaw
A,Yangon
B,Mandalay
B,Mandalay
B,Mandalay
C,Naypyitaw
A,Yangon
A,Yangon
A,Yangon
A,Yangon
B,Mandalay
A,Yangon
C,Naypyitaw
B,Mandalay
C,Naypyitaw
B,Mandalay
C,Naypyitaw
B,Mandalay
B,Mandalay
A,Yangon
B,Mandalay
C,Naypyitaw
B,Mandalay
B,Mandalay
C,Naypyitaw
A,Yangon
A,Yangon
B,Mandalay
B,Mandalay
B,Mandalay
B,Mandalay
A,Yangon
C,Naypyitaw
A,Yangon
C,Naypyitaw
A,Yangon
A,Yangon
C,Naypyitaw
A,Yangon
A,Yangon
C,Naypyitaw
A,Yangon
B,Mandalay
A,Yangon
A,Yangon
A,Yangon
B,Mandalay
C,Naypyitaw
C,Naypyitaw
C,Naypyitaw
C,Naypyitaw
B,Mandalay
C,Naypyitaw
A,Yangon
B,Mandalay
C,Naypyitaw
B,Mandalay
B,Mandalay
C,Naypyitaw
C,Naypyitaw
B,Mandalay
A,Yangon
A,Yangon
A,Yangon
A,Yangon
A,Yangon
C,Naypyitaw
B,Mandalay
B,Mandalay
A,Yangon
C,Naypyitaw
B,Mandalay
A,Yangon
C,Naypyitaw
C,Naypyitaw
A,Yangon
C,Naypyitaw
B,Mandalay
C,Naypyitaw
A,Yangon
B,Mandalay
C,Naypyitaw
A,Yangon
C,Naypyitaw
C,Naypyitaw
A,Yangon
B,Mandalay
C,Naypyitaw
C,Naypyitaw
A,Yangon
A,Yangon
B,Mandalay
A,Yangon
C,Naypyitaw
A,Yangon
A,Yangon
B,Mandalay
B,Mandalay
C,Naypyitaw
B,Mandalay
A,Yangon
C,Naypyitaw
B,Mandalay
A,Yangon
B,Mandalay
B,Mandalay
A,Yangon
A,Yangon
B,Mandalay
B,Mandalay
B,Mandalay
C,Naypyitaw
A,Yangon
B,Mandalay
C,Naypyitaw
A,Yangon
B,Mandalay
C,Naypyitaw
A,Yangon
C,Naypyitaw
B,Mandalay
B,Mandalay
C,Naypyitaw
A,Yangon
A,Yangon
B,Mandalay
B,Mandalay
A,Yangon
A,Yangon
A,Yangon
B,Mandalay
B,Mandalay
B,Mandalay
A,Yangon
A,Yangon
C,Naypyitaw
C,Naypyitaw
B,Mandalay
A,Yangon
C,Naypyitaw
A,Yangon
C,Naypyitaw
B,Mandalay
C,Naypyitaw
B,Mandalay
C,Naypyitaw
B,Mandalay
A,Yangon
B,Mandalay
A,Yangon
B,Mandalay
C,Naypyitaw
A,Yangon
B,Mandalay
C,Naypyitaw
A,Yangon
C,Naypyitaw
B,Mandalay
C,Naypyitaw
B,Mandalay
C,Naypyitaw
C,Naypyitaw
C,Naypyitaw
C,Naypyitaw
C,Naypyitaw
A,Yangon
C,Naypyitaw
B,Mandalay
A,Yangon
B,Mandalay
A,Yangon
A,Yangon
A,Yangon
B,Mandalay
A,Yangon
A,Yangon
B,Mandalay
C,Naypyitaw
B,Mandalay
B,Mandalay
A,Yangon
A,Yangon
C,Naypyitaw
B,Mandalay
A,Yangon
B,Mandalay
B,Mandalay
B,Mandalay
C,Naypyitaw
C,Naypyitaw
B,Mandalay
C,Naypyitaw
B,Mandalay
A,Yangon
A,Yangon
B,Mandalay
C,Naypyitaw
B,Mandalay
B,Mandalay
C,Naypyitaw
C,Naypyitaw
C,Naypyitaw
C,Naypyitaw
B,Mandalay
B,Mandalay
A,Yangon
A,Yangon
A,Yangon
C,Naypyitaw
A,Yangon
C,Naypyitaw
A,Yangon
A,Yangon
B,Mandalay
C,Naypyitaw
C,Naypyitaw
A,Yangon
B,Mandalay
C,Naypyitaw
C,Naypyitaw
A,Yangon
A,Yangon
A,Yangon
C,Naypyitaw
A,Yangon
B,Mandalay
C,Naypyitaw
B,Mandalay
C,Naypyitaw
C,Naypyitaw
B,Mandalay
C,Naypyitaw
C,Naypyitaw
A,Yangon
A,Yangon
C,Naypyitaw
B,Mandalay
C,Naypyitaw
C,Naypyitaw
C,Naypyitaw
B,Mandalay
B,Mandalay
B,Mandalay
B,Mandalay
A,Yangon
A,Yangon
A,Yangon
C,Naypyitaw
B,Mandalay
B,Mandalay
C,Naypyitaw
A,Yangon
C,Naypyitaw
C,Naypyitaw
B,Mandalay
C,Naypyitaw
B,Mandalay
C,Naypyitaw
B,Mandalay
C,Naypyitaw
A,Yangon
C,Naypyitaw
A,Yangon
B,Mandalay
C,Naypyitaw
C,Naypyitaw
A,Yangon
A,Yangon
A,Yangon
A,Yangon
A,Yangon
B,Mandalay
A,Yangon
B,Mandalay
A,Yangon
C,Naypyitaw
B,Mandalay
B,Mandalay
B,Mandalay
C,Naypyitaw
B,Mandalay
C,Naypyitaw
B,Mandalay
A,Yangon
B,Mandalay
A,Yangon
A,Yangon
A,Yangon
A,Yangon
A,Yangon
C,Naypyitaw
C,Naypyitaw
B,Mandalay
B,Mandalay
C,Naypyitaw
A,Yangon
A,Yangon
A,Yangon
C,Naypyitaw
A,Yangon
B,Mandalay
B,Mandalay
A,Yangon
C,Naypyitaw
C,Naypyitaw
B,Mandalay
C,Naypyitaw
C,Naypyitaw
A,Yangon
C,Naypyitaw
C,Naypyitaw
A,Yangon
B,Mandalay
A,Yangon
A,Yangon
A,Yangon
B,Mandalay
B,Mandalay
B,Mandalay
C,Naypyitaw
A,Yangon
A,Yangon
B,Mandalay
A,Yangon
C,Naypyitaw
C,Naypyitaw
B,Mandalay
A,Yangon
B,Mandalay
C,Naypyitaw
A,Yangon
A,Yangon
C,Naypyitaw
B,Mandalay
B,Mandalay
B,Mandalay
B,Mandalay
A,Yangon
B,Mandalay
A,Yangon
A,Yangon
C,Naypyitaw
C,Naypyitaw
B,Mandalay
A,Yangon
B,Mandalay
B,Mandalay
A,Yangon
C,Naypyitaw
C,Naypyitaw
A,Yangon
C,Naypyitaw
A,Yangon
A,Yangon
B,Mandalay
B,Mandalay
B,Mandalay
B,Mandalay
A,Yangon
C,Naypyitaw
B,Mandalay
B,Mandalay
C,Naypyitaw
C,Naypyitaw
C,Naypyitaw
A,Yangon
A,Yangon
A,Yangon
C,Naypyitaw
B,Mandalay
C,Naypyitaw
A,Yangon
B,Mandalay
C,Naypyitaw
A,Yangon
A,Yangon
A,Yangon
A,Yangon
B,Mandalay
C,Naypyitaw
C,Naypyitaw
C,Naypyitaw
B,Mandalay
A,Yangon
C,Naypyitaw
C,Naypyitaw
B,Mandalay
C,Naypyitaw
A,Yangon
B,Mandalay
C,Naypyitaw
B,Mandalay
A,Yangon
C,Naypyitaw
B,Mandalay
C,Naypyitaw
C,Naypyitaw
B,Mandalay
C,Naypyitaw
C,Naypyitaw
A,Yangon
C,Naypyitaw
C,Naypyitaw
B,Mandalay
A,Yangon
B,Mandalay
C,Naypyitaw
A,Yangon
B,Mandalay
B,Mandalay
C,Naypyitaw
A,Yangon
A,Yangon
B,Mandalay
C,Naypyitaw
A,Yangon
C,Naypyitaw
A,Yangon
B,Mandalay
A,Yangon
A,Yangon
A,Yangon
C,Naypyitaw
A,Yangon
B,Mandalay
C,Naypyitaw
C,Naypyitaw
B,Mandalay
C,Naypyitaw
C,Naypyitaw
A,Yangon
C,Naypyitaw
A,Yangon
C,Naypyitaw
C,Naypyitaw
A,Yangon
B,Mandalay
A,Yangon
B,Mandalay
B,Mandalay
A,Yangon
B,Mandalay
C,Naypyitaw
B,Mandalay
B,Mandalay
B,Mandalay
B,Mandalay
B,Mandalay
B,Mandalay
B,Mandalay
A,Yangon
C,Naypyitaw
C,Naypyitaw
C,Naypyitaw
B,Mandalay
C,Naypyitaw
A,Yangon
B,Mandalay
C,Naypyitaw
C,Naypyitaw
B,Mandalay
B,Mandalay
A,Yangon
C,Naypyitaw
C,Naypyitaw
A,Yangon
C,Naypyitaw
A,Yangon
B,Mandalay
B,Mandalay
C,Naypyitaw
B,Mandalay
B,Mandalay
B,Mandalay
A,Yangon
C,Naypyitaw
A,Yangon
A,Yangon
A,Yangon
A,Yangon
C,Naypyitaw
A,Yangon
A,Yangon
A,Yangon
C,Naypyitaw
A,Yangon
A,Yangon
A,Yangon
A,Yangon
C,Naypyitaw
A,Yangon
A,Yangon
C,Naypyitaw
A,Yangon
B,Mandalay
C,Naypyitaw
A,Yangon
A,Yangon
A,Yangon
A,Yangon
B,Mandalay
C,Naypyitaw
B,Mandalay
C,Naypyitaw
B,Mandalay
B,Mandalay
A,Yangon
B,Mandalay
A,Yangon
A,Yangon
A,Yangon
A,Yangon
C,Naypyitaw
B,Mandalay
A,Yangon
B,Mandalay
B,Mandalay
A,Yangon
C,Naypyitaw
B,Mandalay
A,Yangon
B,Mandalay
C,Naypyitaw
B,Mandalay
B,Mandalay
C,Naypyitaw
C,Naypyitaw
C,Naypyitaw
A,Yangon
B,Mandalay
C,Naypyitaw
C,Naypyitaw
B,Mandalay
B,Mandalay
A,Yangon
B,Mandalay
C,Naypyitaw
A,Yangon
B,Mandalay
B,Mandalay
C,Naypyitaw
A,Yangon
A,Yangon
C,Naypyitaw
A,Yangon
A,Yangon
A,Yangon
B,Mandalay
B,Mandalay
A,Yangon
B,Mandalay
A,Yangon
A,Yangon
A,Yangon
B,Mandalay
C,Naypyitaw
C,Naypyitaw
A,Yangon
C,Naypyitaw
C,Naypyitaw
B,Mandalay
C,Naypyitaw
C,Naypyitaw
A,Yangon
A,Yangon
A,Yangon
B,Mandalay
B,Mandalay
C,Naypyitaw
C,Naypyitaw
A,Yangon
B,Mandalay
B,Mandalay
B,Mandalay
A,Yangon
C,Naypyitaw
A,Yangon
C,Naypyitaw
B,Mandalay
A,Yangon
A,Yangon
B,Mandalay
B,Mandalay
B,Mandalay
A,Yangon
C,Naypyitaw
A,Yangon
A,Yangon
C,Naypyitaw
A,Yangon
C,Naypyitaw
B,Mandalay
A,Yangon
A,Yangon
C,Naypyitaw
A,Yangon
A,Yangon
C,Naypyitaw
C,Naypyitaw
A,Yangon
B,Mandalay
B,Mandalay
B,Mandalay
A,Yangon
C,Naypyitaw
B,Mandalay
B,Mandalay
A,Yangon
A,Yangon